-- phpMyAdmin SQL Dump
-- version 2.11.4
-- http://www.phpmyadmin.net
--
-- Host: localhost
-- Generation Time: Apr 06, 2008 at 05:56 PM
-- Server version: 5.0.51
-- PHP Version: 5.2.5

SET FOREIGN_KEY_CHECKS=0;

SET SQL_MODE="NO_AUTO_VALUE_ON_ZERO";

--
-- Database: `backendpro`
--

-- --------------------------------------------------------

--
-- Table structure for table `be_acl_actions`
--

DROP TABLE IF EXISTS `be_acl_actions`;
CREATE TABLE IF NOT EXISTS `be_acl_actions` (
  `id` int(10) unsigned NOT NULL auto_increment,
  `name` varchar(254) NOT NULL,
  PRIMARY KEY  (`id`),
  UNIQUE KEY `name` (`name`)
) ENGINE=InnoDB  DEFAULT CHARSET=utf8;

--
-- Dumping data for table `be_acl_actions`
--


-- --------------------------------------------------------

--
-- Table structure for table `be_acl_groups`
--

DROP TABLE IF EXISTS `be_acl_groups`;
CREATE TABLE IF NOT EXISTS `be_acl_groups` (
  `id` int(10) unsigned NOT NULL auto_increment,
  `lft` int(10) unsigned NOT NULL default '0',
  `rgt` int(10) unsigned NOT NULL default '0',
  `name` varchar(254) NOT NULL,
  `link` int(10) unsigned default NULL,
  PRIMARY KEY  (`id`),
  UNIQUE KEY `name` (`name`),
  KEY `lft` (`lft`),
  KEY `rgt` (`rgt`)
) ENGINE=InnoDB  DEFAULT CHARSET=utf8;

--
-- Dumping data for table `be_acl_groups`
--

INSERT INTO `be_acl_groups` (`id`, `lft`, `rgt`, `name`, `link`) VALUES
(1, 1, 4, 'Member', NULL),
(2, 2, 3, 'Administrator', NULL);

-- --------------------------------------------------------

--
-- Table structure for table `be_acl_permissions`
--

DROP TABLE IF EXISTS `be_acl_permissions`;
CREATE TABLE IF NOT EXISTS `be_acl_permissions` (
  `id` int(10) unsigned NOT NULL auto_increment,
  `aro_id` int(10) unsigned NOT NULL default '0',
  `aco_id` int(10) unsigned NOT NULL default '0',
  `allow` char(1) default NULL,
  PRIMARY KEY  (`id`),
  KEY `aro_id` (`aro_id`),
  KEY `aco_id` (`aco_id`)
) ENGINE=InnoDB  DEFAULT CHARSET=utf8;

--
-- Dumping data for table `be_acl_permissions`
--

INSERT INTO `be_acl_permissions` (`id`, `aro_id`, `aco_id`, `allow`) VALUES
(1, 2, 1, 'Y');

-- --------------------------------------------------------

--
-- Table structure for table `be_acl_permission_actions`
--

DROP TABLE IF EXISTS `be_acl_permission_actions`;
CREATE TABLE IF NOT EXISTS `be_acl_permission_actions` (
  `id` int(10) unsigned NOT NULL auto_increment,
  `access_id` int(10) unsigned NOT NULL default '0',
  `axo_id` int(10) unsigned NOT NULL default '0',
  `allow` char(1) default NULL,
  PRIMARY KEY  (`id`),
  KEY `access_id` (`access_id`),
  KEY `axo_id` (`axo_id`)
) ENGINE=InnoDB DEFAULT CHARSET=utf8;

--
-- Dumping data for table `be_acl_permission_actions`
--


-- --------------------------------------------------------

--
-- Table structure for table `be_acl_resources`
--

DROP TABLE IF EXISTS `be_acl_resources`;
CREATE TABLE IF NOT EXISTS `be_acl_resources` (
  `id` int(10) unsigned NOT NULL auto_increment,
  `lft` int(10) unsigned NOT NULL default '0',
  `rgt` int(10) unsigned NOT NULL default '0',
  `name` varchar(254) NOT NULL,
  `link` int(10) unsigned default NULL,
  PRIMARY KEY  (`id`),
  UNIQUE KEY `name` (`name`),
  KEY `lft` (`lft`),
  KEY `rgt` (`rgt`)
) ENGINE=InnoDB  DEFAULT CHARSET=utf8;

--
-- Dumping data for table `be_acl_resources`
--

INSERT INTO `be_acl_resources` (`id`, `lft`, `rgt`, `name`, `link`) VALUES
(1, 1, 22, 'Site', NULL),
(2, 2, 21, 'Control Panel', NULL),
(3, 3, 20, 'System', NULL),
(4, 14, 15, 'Members', NULL),
(5, 4, 13, 'Access Control', NULL),
(6, 16, 17, 'Settings', NULL),
(7, 18, 19, 'Utilities', NULL),
(8, 11, 12, 'Permissions', NULL),
(9, 9, 10, 'Groups', NULL),
(10, 7, 8, 'Resources', NULL),
(11, 5, 6, 'Actions', NULL);

-- --------------------------------------------------------

--
-- Table structure for table `be_groups`
--

DROP TABLE IF EXISTS `be_groups`;
CREATE TABLE IF NOT EXISTS `be_groups` (
  `id` int(10) unsigned NOT NULL auto_increment,
  `locked` tinyint(1) unsigned NOT NULL default '0',
  `disabled` tinyint(1) unsigned NOT NULL default '0',
  PRIMARY KEY  (`id`)
) ENGINE=InnoDB  DEFAULT CHARSET=utf8;

--
-- Dumping data for table `be_groups`
--

INSERT INTO `be_groups` (`id`, `locked`, `disabled`) VALUES
(1, 1, 0),
(2, 1, 0);

-- --------------------------------------------------------

--
-- Table structure for table `be_preferences`
--

DROP TABLE IF EXISTS `be_preferences`;
CREATE TABLE IF NOT EXISTS `be_preferences` (
  `name` varchar(254) character set latin1 NOT NULL,
  `value` text character set latin1 NOT NULL,
  KEY `name` (`name`)
) ENGINE=MyISAM DEFAULT CHARSET=utf8;

--
-- Dumping data for table `be_preferences`
--

INSERT INTO `be_preferences` (`name`, `value`) VALUES
('default_user_group', '1'),
('smtp_host', ''),
('keep_error_logs_for', '30'),
('email_protocol', 'sendmail'),
('use_registration_captcha', '0'),
('page_debug', '0'),
('automated_from_name', 'BackendPro'),
('allow_user_registration', '1'),
('use_login_captcha', '0'),
('site_name', 'BackendPro'),
('automated_from_email', 'noreply@backendpro.co.uk'),
('account_activation_time', '7'),
('allow_user_profiles', '0'),
('activation_method', 'email'),
('autologin_period', '30'),
('min_password_length', '8'),
('smtp_user', ''),
('smtp_pass', ''),
('email_mailpath', '/usr/sbin/sendmail'),
('smtp_port', '25'),
('smtp_timeout', '5'),
('email_wordwrap', '1'),
('email_wrapchars', '76'),
('email_mailtype', 'text'),
('email_charset', 'utf-8'),
('bcc_batch_mode', '0'),
('bcc_batch_size', '200'),
('login_field','email');

-- --------------------------------------------------------

--
-- Table structure for table `be_resources`
--

DROP TABLE IF EXISTS `be_resources`;
CREATE TABLE IF NOT EXISTS `be_resources` (
  `id` int(10) unsigned NOT NULL auto_increment,
  `locked` tinyint(1) unsigned NOT NULL default '0',
  PRIMARY KEY  (`id`)
) ENGINE=InnoDB  DEFAULT CHARSET=utf8;

--
-- Dumping data for table `be_resources`
--

INSERT INTO `be_resources` (`id`, `locked`) VALUES
(1, 1),
(2, 1),
(3, 1),
(4, 1),
(5, 1),
(6, 1),
(7, 1),
(8, 1),
(9, 1),
(10, 1),
(11, 1);

-- --------------------------------------------------------

--
-- Table structure for table `be_users`
--

DROP TABLE IF EXISTS `be_users`;
CREATE TABLE IF NOT EXISTS `be_users` (
  `id` int(10) unsigned NOT NULL auto_increment,
  `username` varchar(32) NOT NULL,
  `password` varchar(40) NOT NULL,
  `email` varchar(254) NOT NULL,
  `active` tinyint(1) unsigned NOT NULL default '0',
  `group` int(10) unsigned default NULL,
  `activation_key` varchar(32) default NULL,
  `last_visit` datetime default NULL,
  `created` datetime NOT NULL,
  `modified` datetime default NULL,
  PRIMARY KEY  (`id`),
  UNIQUE KEY `username` (`username`),
  UNIQUE KEY `email` (`email`),
  KEY `password` (`password`),
  KEY `group` (`group`)
) ENGINE=InnoDB  DEFAULT CHARSET=utf8;

--
-- Dumping data for table `be_users`
--
 
-- --------------------------------------------------------

--
-- Table structure for table `be_user_profiles`
--

DROP TABLE IF EXISTS `be_user_profiles`;
CREATE TABLE IF NOT EXISTS `be_user_profiles` (
  `user_id` int(10) unsigned NOT NULL,
  PRIMARY KEY  (`user_id`)
) ENGINE=InnoDB DEFAULT CHARSET=utf8;

--
-- Dumping data for table `be_user_profiles`
--

-- --------------------------------------------------------

--
-- Table structure for table `ci_sessions`
--

CREATE TABLE IF NOT EXISTS  `ci_sessions` (
	session_id varchar(40) DEFAULT '0' NOT NULL,
	ip_address varchar(16) DEFAULT '0' NOT NULL,
	user_agent varchar(120) NOT NULL,
	last_activity int(10) unsigned DEFAULT 0 NOT NULL,
	user_data text NOT NULL,
	PRIMARY KEY (session_id),
	KEY `last_activity_idx` (`last_activity`)
);

--
-- Dumping data for table `ci_sessions`

--
-- Constraints for dumped tables
--

--
-- Constraints for table `be_acl_permissions`
--
ALTER TABLE `be_acl_permissions`
  ADD CONSTRAINT `be_acl_permissions_ibfk_1` FOREIGN KEY (`aro_id`) REFERENCES `be_acl_groups` (`id`) ON DELETE CASCADE,
  ADD CONSTRAINT `be_acl_permissions_ibfk_2` FOREIGN KEY (`aco_id`) REFERENCES `be_acl_resources` (`id`) ON DELETE CASCADE;

--
-- Constraints for table `be_acl_permission_actions`
--
ALTER TABLE `be_acl_permission_actions`
  ADD CONSTRAINT `be_acl_permission_actions_ibfk_1` FOREIGN KEY (`access_id`) REFERENCES `be_acl_permissions` (`id`) ON DELETE CASCADE,
  ADD CONSTRAINT `be_acl_permission_actions_ibfk_2` FOREIGN KEY (`axo_id`) REFERENCES `be_acl_actions` (`id`) ON DELETE CASCADE;

--
-- Constraints for table `be_groups`
--
ALTER TABLE `be_groups`
  ADD CONSTRAINT `be_groups_ibfk_1` FOREIGN KEY (`id`) REFERENCES `be_acl_groups` (`id`) ON DELETE CASCADE;

--
-- Constraints for table `be_resources`
--
ALTER TABLE `be_resources`
  ADD CONSTRAINT `be_resources_ibfk_1` FOREIGN KEY (`id`) REFERENCES `be_acl_resources` (`id`) ON DELETE CASCADE;

--
-- Constraints for table `be_users`
--
ALTER TABLE `be_users`
  ADD CONSTRAINT `be_users_ibfk_1` FOREIGN KEY (`group`) REFERENCES `be_acl_groups` (`id`) ON DELETE SET NULL;

--
-- Constraints for table `be_user_profiles`
--
ALTER TABLE `be_user_profiles`
  ADD CONSTRAINT `be_user_profiles_ibfk_1` FOREIGN KEY (`user_id`) REFERENCES `be_users` (`id`) ON DELETE CASCADE;

SET FOREIGN_KEY_CHECKS=1;